{
    "losses_distributed": [
        [
            1,
            1059.23388671875
        ],
        [
            2,
            1909.7238159179688
        ],
        [
            3,
            2805.9481201171875
        ]
    ],
    "metrics_distributed": {
        "loss": [
            [
                1,
                1059.2338912963867
            ],
            [
                2,
                1909.723809814453
            ],
            [
                3,
                2805.9480834960937
            ]
        ]
    },
    "losses_centralized": [],
    "metrics_centralized": {}
}