{
    "losses_distributed": [
        [
            1,
            4321426.0
        ],
        [
            2,
            899774.3125
        ],
        [
            3,
            341782.671875
        ]
    ],
    "metrics_distributed": {
        "loss": [
            [
                1,
                4321425.8375
            ],
            [
                2,
                899774.3234375
            ],
            [
                3,
                341782.683203125
            ]
        ]
    },
    "losses_centralized": [],
    "metrics_centralized": {}
}